{
    "logistic_regression": {
        "train_metric": {
            "accuracy": 0.8024813895781637,
            "precision": 0.13712374581939799,
            "recall": 0.8482758620689655,
            "f1": 0.236084452975048,
            "roc_auc": 0.8889002795899348
        },
        "test_metric": {
            "accuracy": 0.8000992063492064,
            "precision": 0.13169642857142858,
            "recall": 0.8082191780821918,
            "f1": 0.22648752399232247,
            "roc_auc": 0.8722001706159801
        }
    },
    "svm_classification": {
        "train_metric": {
            "accuracy": 0.9356079404466501,
            "precision": 0.3548795944233207,
            "recall": 0.9655172413793104,
            "f1": 0.5189990732159406,
            "roc_auc": 0.9759721297652333
        },
        "test_metric": {
            "accuracy": 0.902281746031746,
            "precision": 0.17708333333333334,
            "recall": 0.4657534246575342,
            "f1": 0.25660377358490566,
            "roc_auc": 0.8312170841587997
        }
    },
    "random_forest": {
        "train_metric": {
            "accuracy": 0.9740694789081886,
            "precision": 0.5966587112171837,
            "recall": 0.8620689655172413,
            "f1": 0.7052186177715092,
            "roc_auc": 0.9881817778369503
        },
        "test_metric": {
            "accuracy": 0.9375,
            "precision": 0.22105263157894736,
            "recall": 0.2876712328767123,
            "f1": 0.25,
            "roc_auc": 0.8827261895529439
        }
    },
    "gradient_boosting": {
        "train_metric": {
            "accuracy": 0.9787841191066997,
            "precision": 0.6537467700258398,
            "recall": 0.8724137931034482,
            "f1": 0.7474150664697193,
            "roc_auc": 0.9927621710380331
        },
        "test_metric": {
            "accuracy": 0.935515873015873,
            "precision": 0.20618556701030927,
            "recall": 0.273972602739726,
            "f1": 0.23529411764705882,
            "roc_auc": 0.8829235964720563
        }
    },
    "random_forest_2": {
        "train_metric": {
            "accuracy": 0.8400744416873449,
            "precision": 0.1702970297029703,
            "recall": 0.8896551724137931,
            "f1": 0.28587257617728534,
            "roc_auc": 0.9279174987795678
        },
        "test_metric": {
            "accuracy": 0.8184523809523809,
            "precision": 0.14180929095354522,
            "recall": 0.7945205479452054,
            "f1": 0.24066390041493776,
            "roc_auc": 0.8863605919387474
        }
    },
    "xgboost": {
        "train_metric": {
            "accuracy": 0.9755583126550869,
            "precision": 0.6171284634760705,
            "recall": 0.8448275862068966,
            "f1": 0.7132459970887919,
            "roc_auc": 0.9912428438290507
        },
        "test_metric": {
            "accuracy": 0.9424603174603174,
            "precision": 0.24096385542168675,
            "recall": 0.273972602739726,
            "f1": 0.2564102564102564,
            "roc_auc": 0.8880350256276482
        }
    },
    "lightgbm": {
        "train_metric": {
            "accuracy": 0.9755583126550869,
            "precision": 0.6148148148148148,
            "recall": 0.8586206896551725,
            "f1": 0.7165467625899281,
            "roc_auc": 0.9916779834021213
        },
        "test_metric": {
            "accuracy": 0.9404761904761905,
            "precision": 0.23595505617977527,
            "recall": 0.2876712328767123,
            "f1": 0.25925925925925924,
            "roc_auc": 0.8721754947510909
        }
    },
    "gradient_boosting_2": {
        "train_metric": {
            "accuracy": 0.9751861042183623,
            "precision": 0.6097560975609756,
            "recall": 0.8620689655172413,
            "f1": 0.7142857142857143,
            "roc_auc": 0.9884249767008388
        },
        "test_metric": {
            "accuracy": 0.933531746031746,
            "precision": 0.20388349514563106,
            "recall": 0.2876712328767123,
            "f1": 0.23863636363636365,
            "roc_auc": 0.8831492043796135
        }
    }
}